Currency,Value
USD,1
EUR,0.875128
JPY,113.079643
GBP,0.775805
AUD,1.302794
CAD,1.281193
CHF,0.963791
CNY,6.787424
SEK,8.412849
